<?xml version="1.0" encoding="UTF-8"?>
<project-private xmlns="http://www.netbeans.org/ns/project-private/1">
    <editor-bookmarks xmlns="http://www.netbeans.org/ns/editor-bookmarks/2" lastBookmarkId="0"/>
    <open-files xmlns="http://www.netbeans.org/ns/projectui-open-files/2">
        <group name="Programacion 2">
            <file>file:/C:/Users/Joaquin/OneDrive%20-%20Facultad%20de%20Ingenieria%20-%20Universidad%20ORT%20Uruguay/Programacion%202/NetBeans%20Workspace/Proyecto/src/proyecto/Juego.java</file>
            <file>file:/C:/Users/Joaquin/OneDrive%20-%20Facultad%20de%20Ingenieria%20-%20Universidad%20ORT%20Uruguay/Programacion%202/NetBeans%20Workspace/Proyecto/src/proyecto/Sistema.java</file>
            <file>file:/C:/Users/Joaquin/OneDrive%20-%20Facultad%20de%20Ingenieria%20-%20Universidad%20ORT%20Uruguay/Programacion%202/NetBeans%20Workspace/Proyecto/src/juegos/Saltar.java</file>
            <file>file:/C:/Users/Joaquin/OneDrive%20-%20Facultad%20de%20Ingenieria%20-%20Universidad%20ORT%20Uruguay/Programacion%202/NetBeans%20Workspace/Proyecto/src/proyecto/Main.java</file>
            <file>file:/C:/Users/Joaquin/OneDrive%20-%20Facultad%20de%20Ingenieria%20-%20Universidad%20ORT%20Uruguay/Programacion%202/NetBeans%20Workspace/Proyecto/src/proyecto/Partida.java</file>
        </group>
    </open-files>
</project-private>
